A	A
A Clockwork Orange	A_Clockwork_Orange
A Man for All Seasons	A_Man_for_All_Seasons
A Midsummer Nights Dream	A_Midsummer_Night's_Dream
A Modest Proposal	A_Modest_Proposal
A.A. Milne	A._A._Milne
A. A. Milne	A._A._Milne
A.E. van Vogt	A._E._van_Vogt
A. E. van Vogt	A._E._van_Vogt
Aal	AAL
ABBA	ABBA
AK47	AK-47
AK-47	AK-47
ALCS	ALCS
AM	AM
Australia, New Zealand, United States security treaty	ANZUS
AOLamer	AOLamer
APL	APL
ARY Digital	ARY_Digital
AsciiArt	ASCII_art
Ascii Art	ASCII_art
Aa River	Aa_River
Aalborg Municipality	Aalborg_Municipality
AardvarK	aardvark_(the_placental)
Aardvark	aardvark_(the_placental)
AardwolF	aardwolf_(the_hyena)
Aardwolf	aardwolf_(the_hyena)
Aarhus	Aarhus
Aaron	Aaron
AbacuS	abacus_(the_tablet)
Abacus	abacus_(the_tablet)
AbadanIran	Abadan
Abalone	abalone_(the_gastropod)
AbalonE	abalone_(the_gastropod)
Abandonment	abandonment_(the_rejection)
Abatement	suspension_(the_interruption)
Abbadides	Abbadid
Abbadids	Abbadid
AbbadideS	Abbadid
Abbess	abbess_(the_superior)
AbbesS	abbess_(the_superior)
Abbeville	Abbeville
AbbevilleFrance	Abbeville
Abbeville France	Abbeville
Abbey	abbey_(the_church)
AbbeY	abbey_(the_church)
Abbot	abbot_(the_superior)
AbboT	abbot_(the_superior)
Abbreviation	abbreviation_(the_form)
Abbreviations	abbreviation_(the_form)
Abdication	abdication_(the_resignation)
Abdominal surgery	Abdominal_surgery
AbdominalSurgery	Abdominal_surgery
Abduction	abduction_(the_capture)
Abdul Alhazred	Abdul_Alhazred
AbeceDarians	abecedarian_(the_novice)
Abensberg	Abensberg
AbensbergGermany	Abensberg
Aberdeen (disambiguation)	Aberdeen_(disambiguation)
AberdeenSouthDakota	Aberdeen,_South_Dakota
Aberdeenshire	Aberdeenshire
Abiotic factors	Abiotic_components
Abjad	Abjad
Abner Doubleday	Abner_Doubleday
Abortion	abortion_(the_termination)
Abraham Lincoln	Abraham_Lincoln
Abscess	abscess_(the_symptom)
Absolute majority	majority_(the_relative_quantity)
Absolute value	absolute_value_(the_definite_quantity)
Abstract (law)	Abstract_(law)
Abstract algebra	Abstract_algebra
Abstract Algebra	Abstract_algebra
Abu Dhabi	Abu_Dhabi
Abugida	Abugida
Abwehr	Abwehr
AcademicElitism	Academic_elitism
Academy Awards/Best Actor	Academy_Award_for_Best_Actor
Academy Awards/Best Actress	Academy_Award_for_Best_Actress
Academy Awards/Art Direction	Academy_Award_for_Best_Art_Direction
Academy Awards/Cinematography	Academy_Award_for_Best_Cinematography
AcademyAwards/BestPicture	Academy_Award_for_Best_Picture
Academy Awards/Best Picture	Academy_Award_for_Best_Picture
Academy Awards/Best Supporting Actor	Academy_Award_for_Best_Supporting_Actor
Academy Awards/Best Supporting Actress	Academy_Award_for_Best_Supporting_Actress
Academy Awards/Directing	Academy_Award_for_Directing
Academy Awards/Documentary Feature	Academy_Award_for_Documentary_Feature
Academy Awards/Foreign Language Film	Academy_Awards/Foreign_Language_Film
Academy Awards/Music Original Song	Academy_Awards/Music_Original_Song
Academy Awards/Short Film Live Action	Academy_Awards/Short_Film_Live_Action
Accordion	accordion_(the_free-reed_instrument)
Accounting	accountancy_(the_occupation)
Achill Island	Achill_Island
Achilles	Achilles
Acid	acid_(the_compound)
Acoustic theory	Acoustic_theory
Acoustics	acoustics_(the_physics)
Acronym	Acronym_and_initialism
Actaeon	Actaeon
Actinium	actinium_(the_chemical_element)
Actinopterygii	Actinopterygii
ActionFilm	Action_film
Action Film	Action_film
Active recall	Active_recall
Actors	actor_(the_performer)
Actress	actor_(the_performer)
Actor	actor_(the_performer)
Acute disseminated encephalomyelitis	Acute_disseminated_encephalomyelitis
Ada	Ada
Ada Byron's notes on the analytical engine	Ada_Byron's_notes_on_the_analytical_engine
Ada Lovelace	Ada_Lovelace
Addiction	addiction_(the_physiological_state)
Adelaide	Adelaide
Adobe	adobe_(the_clay)
Adolf Eichmann	Adolf_Eichmann
AdolfHitler	Adolf_Hitler
Adrenoleukodistrophy	Adrenoleukodystrophy
Advanced Chemistry	Advanced_Chemistry
Advanced Encryption Standard	Advanced_Encryption_Standard
Adventure	adventure_(the_undertaking)
Adventure International	Adventure_International
Aegean Sea	Aegean_Sea
Affidavit	affidavit_(the_testimony)
Affirming the consequent	Affirming_the_consequent
Afghanistan	Afghanistan
Afghanistan (1911 Encyclopedia)	Afghanistan_(1911_Encyclopedia)
AfricA	Africa
AfricanAmericanPeople	African_American
Afrika Bambaataa	Afrika_Bambaataa
Afrika Islam	Afrika_Islam
Afro Celt Sound System	Afro_Celt_Sound_System
AfroAsiaticLanguages	Afro-Asiatic_languages
Afro-asiatic languages	Afro-Asiatic_languages
Afro-Asiatic languages	Afro-Asiatic_languages
Afterlife	afterlife_(the_life)
Agatha Christie	Agatha_Christie
Agave	agave_(the_desert_plant)
Agnosticism	agnosticism_(the_religious_orientation)
Agnostida	Agnostida
Agrarianism	Agrarianism
Agricultural science	Agricultural_science
Agriculture	agribusiness_(the_commercial_enterprise)
Aikido	aikido_(the_martial_art)
Aircraft	aircraft_(the_craft)
Aircraft Carrier	aircraft_carrier_(the_warship)
Airplane (disambiguation)	Airplane_(disambiguation)
Akira Kurosawa	Akira_Kurosawa
Albert Arnold Gore/Criticisms	Al_Gore
Alabama	Alabama
Alain Connes	Alain_Connes
Alan Alda	Alan_Alda
Alan Garner	Alan_Garner
Alan Turing	Alan_Turing
Alaska	Alaska
Albania	Albania
Albedo	albedo_(the_ratio)
Albert Camus	Albert_Camus
Albert Einstein	Albert_Einstein
Albert Gore	Albert_Gore
Albert Schweitzer	Albert_Schweitzer
Albert Sidney Johnston	Albert_Sidney_Johnston
Albert Speer	Albert_Speer
Alberta	Alberta
AlchemY	alchemy_(the_pseudoscience)
Alchemy	alchemy_(the_pseudoscience)
Alcohol	alcohol_(the_beverage)
Aldous Huxley	Aldous_Huxley
Ale	ale_(the_beer)
Aleister Crowley	Aleister_Crowley
Alexander Graham Bell	Alexander_Graham_Bell
Alexander Mackenzie	Alexander_Mackenzie
AlexanderTheGreat	Alexander_the_Great
Alexander the Great	Alexander_the_Great
Alexis Carrel	Alexis_Carrel
Alfons Maria Jakob	Alfons_Maria_Jakob
Alfonso Arau	Alfonso_Arau
Alfonso Cuarón	Alfonso_Cuarón
Alfred Hitchcock	Alfred_Hitchcock
Alfred Korzybski	Alfred_Korzybski
Alfred Lawson	Alfred_Lawson
Alfred Nobel	Alfred_Nobel
Algae	alga_(the_protoctist)
Algebraic number	algebraic_number_(the_irrational_number)
Algebraically closed field	Algebraically_closed_field
Algeria	Algeria
AlgeriA	Algeria
Algorithms	algorithm_(the_rule)
Algorithm	algorithm_(the_rule)
Algorithms for calculating variance	Algorithms_for_calculating_variance
Alien	foreigner_(the_traveler)
Alismatales	Alismatales
Alkali metal	alkali_metal_(the_metallic_element)
Alkane	methane_series_(the_aliphatic_compound)
AllSaints	All_Saints
Allah	Allah
Allan Dwan	Allan_Dwan
Allegiance	commitment_(the_cooperation)
Allen Ginsberg	Allen_Ginsberg
Alliaceae	Alliaceae
Allocution	allocution_(the_address)
Allosaurus	allosaur_(the_theropod)
Allotropes	allotropy_(the_chemical_phenomenon)
Allotrope	allotropy_(the_chemical_phenomenon)
Alloy	alloy_(the_mixture)
Almond	almond_(the_almond_tree)
Almost all	Almost_all
Alp Arslan	Alp_Arslan
Alpha (letter)	Alpha_(letter)
Alpha decay	alpha_decay_(the_decay)
Alpha ray	alpha_particle_(the_particle)
Alpha rays	alpha_particle_(the_particle)
Alpha particles	alpha_particle_(the_particle)
Alphabet	alphabet_(the_character_set)
Alps	Alps
Altaic languages	Altaic_languages
Altenberg	Altenberg
Alternative history	Alternative_history
Altruism	altruism_(the_unselfishness)
Aluminum	aluminum_(the_metallic_element)
Aluminium	aluminum_(the_metallic_element)
Alumnus	alumnus_(the_scholar)
Alumna	alumnus_(the_scholar)
Alveolates	Alveolate
Alvin Toffler	Alvin_Toffler
Alzheimers Disease	Alzheimer's_disease
Amaltheia	Amalthea_(mythology)
Amateur	amateur_(the_person)
Amateur Radio	Amateur_Radio
Amateur astronomy	Amateur_astronomy
Amber Diceless Roleplaying Game	Amber_Diceless_Roleplaying_Game
AmbientCalculusOnline	Ambient_calculus
AmbientCalculiOnline	Ambient_calculus
Ambient calculus	Ambient_calculus
Ambiguity	ambiguity_(the_saying)
Ambrose Bierce	Ambrose_Bierce
AmeriKKKa's Most Wanted	AmeriKKKa's_Most_Wanted
AmericA	America
America	America
America the Beautiful	America_the_Beautiful
American Civil War	American_Civil_War
American Film Institute	American_Film_Institute
American Football Conference	American_Football_Conference
American National Standards Institute	American_National_Standards_Institute
American Revolutionary War	American_Revolutionary_War
American Samoa/Military	American_Samoa
American Samoa	American_Samoa
AmericanSamoa	American_Samoa
American Sign Language	American_Sign_Language
AmericanFootball	American_football
American football	American_football
American shot	American_shot
Americans with Disabilities Act of 1990	Americans_with_Disabilities_Act_of_1990
Americans with Disabilities Act of 1990/Findings and Purposes	Americans_with_Disabilities_Act_of_1990
Americans with Disabilities Act of 1990/Definitions	Americans_with_Disabilities_Act_of_1990
Americans with Disabilities Act of 1990/Title III	Americans_with_Disabilities_Act_of_1990
Americium	americium_(the_metallic_element)
Ames, Iowa	Ames,_Iowa
Amhrán na bhFiann	Amhrán_na_bhFiann
Amino acid	amino_acid_(the_organic_compound)
Ammonia	ammonia_(the_binary_compound)
Amoeba	ameba_(the_rhizopod)
AmoeboidTaxa	Amoeboid
Ameboid stage	Amoeboid
Amoeboid	Amoeboid
Ampere	ampere_(the_current_unit)
Amphibian	amphibian_(the_motor_vehicle)
Amplitude modulation	amplitude_modulation_(the_modulation)
Amsterdam	Amsterdam
AnAmericanInParis	An_American_in_Paris
An American in Paris	An_American_in_Paris
Anaconda	anaconda_(the_boa)
Anadyr River	Anadyr_River
Anagram	anagram_(the_word)
Analog Brothers	Analog_Brothers
Analog signal	Analog_signal
Analysis	analysis_(the_investigation)
Analysis of variance/Random effects models	analysis_of_variance_(the_multivariate_analysis)
Analysis of variance/Degrees of freedom	analysis_of_variance_(the_multivariate_analysis)
Analysis of variance	analysis_of_variance_(the_multivariate_analysis)
ANOVA	analysis_of_variance_(the_multivariate_analysis)
ANOVA/Fixed	analysis_of_variance_(the_multivariate_analysis)
ANOVA/DegreesOfFreedom	analysis_of_variance_(the_multivariate_analysis)
ANOVA/Random	analysis_of_variance_(the_multivariate_analysis)
Analysis of Variance	analysis_of_variance_(the_multivariate_analysis)
Analytical engine	Analytical_engine
Anarchism	anarchism_(the_political_orientation)
Anarcho-capitalism	Anarcho-capitalism
AnarchoCapitalism	Anarcho-capitalism
Anatole France	Anatole_France
Asia Minor	Anatolia
Anatolia	Anatolia
Anatoly Karpov	Anatoly_Karpov
Anatomy	anatomy_(the_morphology)
Anaximander	Anaximander
Anazarbus	Anazarbus
Anbar	Anbar
Anchor	anchor_(the_hook)
AnchorageAlaska	Anchorage,_Alaska
Ancient Egypt	Ancient_Egypt
Ancient Pueblo Peoples	Ancient_Pueblo_Peoples
Ancient civilization	ancient_history_(the_history)
Ancient philosophy	Ancient_philosophy
Ancylopoda	Ancylopoda
And Then There Were None	And_Then_There_Were_None
Anderida	Anderida
Anders Jonas Angstrom	Anders_Jonas_Angstrom
Andes	Andes
AndorrA	Andorra
Andorra	Andorra
Andorra/Military	Andorra
AndreAgassi	Andre_Agassi
Andre Agassi	Andre_Agassi
Andrei Tarkovsky	Andrei_Tarkovsky
Andrey Markov	Andrey_Markov
Android	android_(the_automaton)
André Gide	André_Gide
André-Marie Ampère	André-Marie_Ampère
Andy Warhol	Andy_Warhol
Ang Lee	Ang_Lee
Angle	angle_(the_space)
Angle tribe	Angles
Anglican Church	Anglican_Church
Anglican Communion	Anglican_Communion
Anglicanism	Anglicanism
Angola	Angola
Angolan Armed Forces	Angolan_Armed_Forces
Angst	Angst
Anguilla	Anguilla
Anguilla/Transnational issues	Anguilla
Anguilla/Military	Anguilla
Animal (disambiguation)	Animal_(disambiguation)
Animal Farm	Animal_Farm
Animalia (book)	Animalia_(book)
Animated	animation_(the_being)
Animation	animation_(the_being)
Anime	Zanzibar_copal_(the_copal)
Anisotropy	anisotropy_(the_property)
Ankara	Ankara
Ankh-Morpork	Ankh-Morpork
Ann Arbor	Ann_Arbor,_Michigan
AnnaKournikova	Anna_Kournikova
Anna Kournikova	Anna_Kournikova
Annales School	Annales_School
Anne Rice	Anne_Rice
Annexation	annexation_(the_incorporation)
A.D.	Anno_Domini
A.D	Anno_Domini
Annual plant	Annual_plant
Anschluss	Anschluss
Answer	answer_(the_statement)
Government of Antarctica	Antarctic_Treaty_System
Antarctic Treaty System	Antarctic_Treaty_System
Antarctica	Antarctica
Antarctica/History	Antarctica/History
Anthony Eden	Anthony_Eden
Anthropology	anthropology_(the_social_science)
Antigua And Barbuda	Antigua_and_Barbuda
Antigua and Barbuda	Antigua_and_Barbuda
Antimatter	antimatter_(the_substance)
Antimony	antimony_(the_metallic_element)
Antiparticle	antiparticle_(the_elementary_particle)
Antisymmetric relation	Antisymmetric_relation
Antonio Gaudi	Antoni_Gaudí
Antonine Wall	Antonine_Wall
Antoninus Pius	Antoninus_Pius
Anxiety	anxiety_(the_psychological_state)
Apache webserver	Apache_HTTP_Server
Apache Software Foundation	Apache_Software_Foundation
Apatosaurus	apatosaur_(the_sauropod)
AphexTwin	Aphex_Twin
Aphex Twin	Aphex_Twin
Aphrodite	Aphrodite
Apiaceae	Apiaceae
Apiales	Apiales
Apocalypse Now	Apocalypse_Now
Apocrypha	Apocrypha
Apollo	Apollo
Apollo 11	Apollo_11
Apollo 8	Apollo_8
Appeal	entreaty_(the_request)
Appellate court	appellate_court_(the_court)
Apple (fruit)	apple_(the_edible_fruit)
Apple I	Apple_I
Apple Newton	Apple_Newton
Applet	applet_(the_application)
API	Application_programming_interface
Applied Mathematics	applied_mathematics_(the_mathematics)
AppliedEthics	Applied_ethics
Applied ethics	Applied_ethics
April	April
April 1	April_1
April 12	April_12
April 15	April_15
April 16	April_16
April 26	April_26
April 30	April_30
April 4	April_4
April 6	April_6
Aquarius (constellation)	Aquarius_(constellation)
Arabian Prince	Arabian_Prince
Arabic language	Arabic_language
Arable land	Arable_land
Aramaic alphabet	Aramaic_alphabet
Archaea	Archaea
Archaeology	archeology_(the_anthropology)
Arches National Park	Arches_National_Park
Archie	Archie
Archipelago	archipelago_(the_land)
Architect	architect_(the_creator)
Architecture (disambiguation)	Architecture_(disambiguation)
Arctic Circle	Arctic_Circle
Arctic Ocean	Arctic_Ocean
Ardipithecus	Ardipithecus
Area	area_(the_region)
Arecales	Arecales
Argentina	Argentina
Argon	argon_(the_chemical_element)
Argot	cant_(the_non-standard_speech)
Argument	argument_(the_evidence)
Argument form	Argument_form
ArgumentForms	ArgumentForms
Arianism	Arianism
Aries (constellation)	Aries_(constellation)
Aristophanes	Aristophanes
Aristotle	Aristotle
Arithmetic Mean	arithmetic_mean_(the_mean)
Arithmetic mean	arithmetic_mean_(the_mean)
Arminianism	Arminianism
Arne Kaijser	Arne_Kaijser
Aromatic hydrocarbon	aromatic_hydrocarbon_(the_hydrocarbon)
Arraignment	arraignment_(the_legal_document)
Arsenic	arsenic_(the_chemical_element)
Art	art_(the_creation)
Art nouveau	art_nouveau_(the_school)
Arthropoda	arthropod_(the_invertebrate)
Arthur C. Clarke	Arthur_C._Clarke
Arthur Conan Doyle	Arthur_Conan_Doyle
ArthurKoestler	Arthur_Koestler
Arthur Koestler	Arthur_Koestler
Arthur Meighen	Arthur_Meighen
Arthur Schopenhauer	Arthur_Schopenhauer
Articles of Confederation	Articles_of_Confederation
Articles of Faith	Articles_of_Faith
Artificial intelligence	artificial_intelligence_(the_computer_science)
AI	artificial_intelligence_(the_computer_science)
Artist	artist_(the_creator)
Artistic revolution	Artistic_revolution
Aruba	Aruba
As We May Think	As_We_May_Think
Asa	Asa
Ashmore and Cartier Islands	Ashmore_and_Cartier_Islands
Ashmore and Cartier Islands/Geography	Ashmore_and_Cartier_Islands
Ashmore and Cartier Islands/People	Ashmore_and_Cartier_Islands
Ashmore and Cartier Islands/Government	Ashmore_and_Cartier_Islands
Ashmore and Cartier Islands/Transportation	Ashmore_and_Cartier_Islands
Ashmore and Cartier Islands/Economy	Ashmore_and_Cartier_Islands
Ashmore and Cartier Islands/Military	Ashmore_and_Cartier_Islands
Ashoka the Great	Ashoka_the_Great
Asia	Asia
Asparagales	Asparagales
Aspect ratio	aspect_ratio_(the_ratio)
Asphalt	asphalt_(the_paving_material)
Assault rifle	assault_rifle_(the_automatic_rifle)
Assembly line	production_line_(the_mechanical_system)
Assistive technology	Assistive_technology
Associativity	Associativity
Astatine	astatine_(the_chemical_element)
Asteraceae	Asteraceae
Asterales	Asterales
Asterism	asterism_(the_star)
Asteroid	asteroid_(the_planet)
Astrometry	astrometry_(the_astronomy)
Astronaut	astronaut_(the_traveler)
Astronomer	astronomer_(the_physicist)
Astronomers and Astrophysicists	astronomer_(the_physicist)
Astronomical Units	Astronomical_Units
Astronomical unit	Astronomical_unit
Astronomy and Astrophysics	Astronomy_and_Astrophysics
Ataxia	ataxia_(the_nervous_disorder)
Atheism	atheism_(the_religious_orientation)
Athena	Athena
Athene	Athena
Athens	Athens
Atlantic (disambiguation)	Atlantic_(disambiguation)
Atlantic Ocean	Atlantic_Ocean
Atlas (disambiguation)	Atlas_(disambiguation)
Topics of note in Atlas Shrugged	Atlas_Shrugged
AtlasShrugged	Atlas_Shrugged
Atlas Shrugged	Atlas_Shrugged
AtlasShruggedCompanies	Atlas_Shrugged
AyersMusicPublishingCompany	Atlas_Shrugged
Atomic	atom_(the_substance)
Atom	atom_(the_substance)
Atomic number	atomic_number_(the_number)
Atomic orbitals	Atomic_orbital
Atomic orbital	Atomic_orbital
Atomic physics	nuclear_physics_(the_physics)
Attila the Hun	Attila_the_Hun
Audi	Audi
Audiogalaxy	Audiogalaxy
August	August
August 1	August_1
August 13	August_13
August 2	August_2
August 22	August_22
August 27	August_27
August 3	August_3
August 6	August_6
August 7	August_7
August 8	August_8
August 9	August_9
August Derleth	August_Derleth
Augustin-Jean Fresnel	Augustin-Jean_Fresnel
Augustine	Augustine
Augustus	Augustus
Augustus (honorific)	Augustus_(honorific)
Austin	Austin
Australia/Military	Australian_Defence_Force
Austria	Austria
AustriaLanguage	Austrian_German
Austrian German	Austrian_German
Austrian School	Austrian_School
AustroAsiaticLanguages	Austro-Asiatic_languages
Austro-Asiatic languages	Austro-Asiatic_languages
Auteur Theory Film	Auteur_theory
Auteur theory	Auteur_theory
Author	writer_(the_communicator)
Autism	autism_(the_syndrome)
Auto racing	auto_racing_(the_racing)
AutoRacing	auto_racing_(the_racing)
Automobile	car_(the_motor_vehicle)
Automorphism	Automorphism
AutoMorphism	Automorphism
Air Transport	aviation_(the_collection)
Axiom	maxim_(the_saying)
AxiomOfChoice	Axiom_of_choice
Axiom of choice	Axiom_of_choice
Axon	axon_(the_nerve_fiber)
AynRand	Ayn_Rand
Ayn Rand	Ayn_Rand
Azerbaijan	Azerbaijan
Azincourt	Azincourt
Aztecs	Aztec
Aztlan Underground	Aztlan_Underground
Archaeology/Broch	Broch
AbeL	Cain_and_Abel
Abel	Cain_and_Abel
Casa Batlló	Casa_Batlló
Antonio Gaudi/Casa Milo	Casa_Milà
Casa Milà	Casa_Milà
Characters in Atlas Shrugged	Characters_in_Atlas_Shrugged
AtlasShruggedCharacters	Characters_in_Atlas_Shrugged
AfghanistanCommunications	Communications_in_Afghanistan
Afghanistan/Communications	Communications_in_Afghanistan
Albania/Communications	Communications_in_Albania
AlbaniaCommunications	Communications_in_Albania
Algeria/Communications	Communications_in_Algeria
Communications in American Samoa	Communications_in_American_Samoa
Andorra/Communications	Communications_in_Andorra
Communications in Angola	Communications_in_Angola
Anguilla/Communications	Communications_in_Anguilla
Communications in Antarctica	Communications_in_Antarctica
Antigua and Barbuda/Communications	Communications_in_Antigua_and_Barbuda
Argentina/Communications	Communications_in_Argentina
Armenia/Communications	Communications_in_Armenia
Australia/Communications	Communications_in_Australia
Azerbaijan/Communications	Communications_in_Azerbaijan
AccessibleComputing	Computer_accessibility
Accessible computing	Computer_accessibility
ArtificalLanguages	Constructed_language
ArtificialLanguages	Constructed_language
Artificial languages	Constructed_language
Artificial language	Constructed_language
AlbaniaPeople	Demographics_of_Albania
Albania/People	Demographics_of_Albania
Algeria/People	Demographics_of_Algeria
Demographics of American Samoa	Demographics_of_American_Samoa
Andorra/People	Demographics_of_Andorra
Demographics of Angola	Demographics_of_Angola
Anguilla/People	Demographics_of_Anguilla
Demographics of Antarctica	Demographics_of_Antarctica
Antigua and Barbuda/People	Demographics_of_Antigua_and_Barbuda
Argentina/People	Demographics_of_Argentina
Armenia/People	Demographics_of_Armenia
Austria/People	Demographics_of_Austria
Azerbaijan/People	Demographics_of_Azerbaijan
AfghanistanEconomy	Economy_of_Afghanistan
Afghanistan/Economy	Economy_of_Afghanistan
AlbaniaEconomy	Economy_of_Albania
Economy of Algeria	Economy_of_Algeria
Economy of American Samoa	Economy_of_American_Samoa
Andorra/Economy	Economy_of_Andorra
Economy of Angola	Economy_of_Angola
Anguilla/Economy	Economy_of_Anguilla
Economy of Antarctica	Economy_of_Antarctica
Economy of Antigua and Barbuda	Economy_of_Antigua_and_Barbuda
Argentina/Economy	Economy_of_Argentina
Armenia/Economy	Economy_of_Armenia
Australia/Economy	Economy_of_Australia
Austria/Economy	Economy_of_Austria
Azerbaijan/Economy	Economy_of_Azerbaijan
European anchovy	European_anchovy
ArgumentsForTheExistenceOfGod	Existence_of_God
Arguments for the existence of God	Existence_of_God
Extreme poverty	Extreme_poverty
AfghanistanTransnationalIssues	Foreign_relations_of_Afghanistan
Afghanistan/Transnational Issues	Foreign_relations_of_Afghanistan
Albania/Transnational Issues	Foreign_relations_of_Albania
Albania/Foreign relations	Foreign_relations_of_Albania
Andorra/Transnational issues	Foreign_relations_of_Andorra
Foreign relations of Angola	Foreign_relations_of_Angola
Antigua and Barbuda/Transnational issues	Foreign_relations_of_Antigua_and_Barbuda
Foreign relations of Antigua and Barbuda	Foreign_relations_of_Antigua_and_Barbuda
Argentina/Transnational issues	Foreign_relations_of_Argentina
Argentina/Foreign relations	Foreign_relations_of_Argentina
Armenia/Transnational issues	Foreign_relations_of_Armenia
Australia/Transnational issues	Foreign_relations_of_Australia
Australia/Foreign relations	Foreign_relations_of_Australia
Austria/Transnational issues	Foreign_relations_of_Austria
Austria/Foreign relations	Foreign_relations_of_Austria
Azerbaijan/Transnational issues	Foreign_relations_of_Azerbaijan
Azerbaijan/Foreign relations	Foreign_relations_of_Azerbaijan
AfghanistanGeography	Geography_of_Afghanistan
Afghanistan/Geography	Geography_of_Afghanistan
Geography of Alabama	Geography_of_Alabama
AlbaniaGeography	Geography_of_Albania
Albania/Geography	Geography_of_Albania
Algeria/Geography	Geography_of_Algeria
Geography of American Samoa	Geography_of_American_Samoa
Andorra/Geography	Geography_of_Andorra
Geography of Angola	Geography_of_Angola
Anguilla/Geography	Geography_of_Anguilla
Geography of Antarctica	Geography_of_Antarctica
Antigua and Barbuda/Geography	Geography_of_Antigua_and_Barbuda
Argentina/Geography	Geography_of_Argentina
Armenia/Geography	Geography_of_Armenia
Geography of Australia	Geography_of_Australia
Austria/Geography	Geography_of_Austria
Azerbaijan/Geography	Geography_of_Azerbaijan
Glossary of American football	Glossary_of_American_football
Hercule Poirot	Hercule_Poirot
AfghanistanHistory	History_of_Afghanistan
Afghanistan/History	History_of_Afghanistan
Alabama/History	History_of_Alabama
AlbaniaHistory	History_of_Albania
Albania/History	History_of_Albania
Algeria/Background	History_of_Algeria
Andorra/History	History_of_Andorra
Angola/History	History_of_Angola
Anguilla/History	History_of_Anguilla
Antigua and Barbuda/History	History_of_Antigua_and_Barbuda
Argentina/History	History_of_Argentina
Australia/History	History_of_Australia
Austria/History	History_of_Austria
Azerbaijan/History	History_of_Azerbaijan
Astronomy/History	History_of_astronomy
Astronomy and Astrophysics/History	History_of_astronomy
Human abdomen	Human_abdomen
International Atomic Time	International_Atomic_Time
Automated Alice/XII	Jeff_Noon
Automated Alice/XI	Jeff_Noon
Automated Alice/X	Jeff_Noon
Automated Alice/IX	Jeff_Noon
Automated Alice/VIII	Jeff_Noon
Automated Alice/VI	Jeff_Noon
Automated Alice/VII	Jeff_Noon
Automated Alice/V	Jeff_Noon
Automated Alice/IV	Jeff_Noon
Automated Alice/II	Jeff_Noon
Automated Alice/I	Jeff_Noon
Automated Alice/III	Jeff_Noon
Admiral Doenitz	Karl_Dönitz
A priori and a posterior knowledge	cognition_(the_psychological_feature)
List of Governors of Alabama	List_of_Governors_of_Alabama
List of anthropologists	List_of_anthropologists
AfghanistanMilitary	Military_of_Afghanistan
Afghanistan/Military	Military_of_Afghanistan
Albania/Military	Military_of_Albania
Algeria/Military	Military_of_Algeria
Argentina/Military	Military_of_Argentina
Austria/Military	Military_of_Austria
Azerbaijan/Military	Military_of_Azerbaijan
Miss Marple	Miss_Marple
Motor neurone disease	Motor_neurone_disease
Mouthwash	gargle_(the_solution)
Museum of Work	Museum_of_Work
Australia/Music	Music_of_Australia
AgoraNomic	Nomic
Amblyopsis Spelea	Northern_cavefish
Northern cavefish	Northern_cavefish
Atomic bomb	nuclear_weapon_(the_weapon_of_mass_destruction)
Antonio Gaudi/Palau Guell	Palau_Güell
Park Güell	Park_Güell
Afghanistan/Government	Politics_of_Afghanistan
AlbaniaGovernment	Politics_of_Albania
Albania/Government	Politics_of_Albania
Algeria/Government	Politics_of_Algeria
Politics of American Samoa	Politics_of_American_Samoa
Andorra/Government	Politics_of_Andorra
Politics of Angola	Politics_of_Angola
Government of Anguilla	Politics_of_Anguilla
Government of Antigua and Barbuda	Politics_of_Antigua_and_Barbuda
Argentina/Government	Politics_of_Argentina
Armenia/Government	Politics_of_Armenia
Austria/Government	Politics_of_Austria
Azerbaijan/Government	Politics_of_Azerbaijan
Asymmetric Algorithms	Public-key_cryptography
Asymmetric algorithm	Public-key_cryptography
Antigua and Barbuda/Military	Royal_Antigua_and_Barbuda_Defence_Force
Antonio Gaudi/Sagrada Familia	Sagrada_Família
Applied statistics	statistics_(the_applied_mathematics)
AppliedStatistics	statistics_(the_applied_mathematics)
Applied Statistics	statistics_(the_applied_mathematics)
Apocrypha/Tanakh	Tanakh
The Alan Parsons Project	The_Alan_Parsons_Project
The Amazing Spider-Man	The_Amazing_Spider-Man
The Ashes	The_Ashes
The Plague	The_Plague
Albert Camus/The Outsider	The_Stranger_(novel)
Things in Atlas Shrugged	Things_in_Atlas_Shrugged
Algeria/Transnational Issues	Transnational_issues_of_Algeria
AfghanistanTransportations	Transport_in_Afghanistan
Afghanistan/Transportation	Transport_in_Afghanistan
Albania/Transportation	Transport_in_Albania
Algeria/Transportation	Transport_in_Algeria
Transport in American Samoa	Transport_in_American_Samoa
Andorra/Transportation	Transport_in_Andorra
Transport in Angola	Transport_in_Angola
Anguilla/Transportation	Transport_in_Anguilla
Transport in Antarctica	Transport_in_Antarctica
Antigua and Barbuda/Transportation	Transport_in_Antigua_and_Barbuda
Armenia/Transportation	Transport_in_Armenia
Australia/Transportation	Transport_in_Australia
Austria/Transportation	Transport_in_Austria
Azerbaijan/Transportation	Transport_in_Azerbaijan
Andreas Vesalius	Vesalius
